-- ============================================================
--  Сид: реальные данные из расписания заказчика (июль 2026).
--  Время МСК = UTC+3 (10:00 МСК = 07:00 UTC).
--  Пробные уроки — бесплатные (price_kopecks = 0), kind='trial'.
--  Регулярные — 350 ₽ (35000), заданы шаблонами с 13.07.2026.
-- ============================================================

-- Локации
INSERT INTO locations (id, title, district, yard_type, access_note, surface, sort) VALUES
  (1, 'ЖК Граффити',  NULL, 'закрытый', 'для жителей ЖК', 'коробка, иск. трава футб. поля', 1),
  (2, 'ЖК Юбилейный', NULL, 'открытый', 'для жителей ЖК', 'коробка, каучук',                2);

-- Пробные уроки (разовые, бесплатные). starts_at в UTC.
--  Граффити 11.07.2026: 10:00 (4-6) -> 07:00Z, 11:30 (7-9) -> 08:30Z
--  Юбилейный 12.07.2026: 10:00 (4-6) -> 07:00Z, 11:30 (7-9) -> 08:30Z
INSERT INTO sessions (location_id, kind, starts_at, duration_min, age_group, capacity, price_kopecks) VALUES
  (1, 'trial', '2026-07-11T07:00:00Z', 45, '5-6', 12, 0),
  (1, 'trial', '2026-07-11T08:30:00Z', 45, '7-9', 15, 0),
  (2, 'trial', '2026-07-12T07:00:00Z', 45, '5-6', 12, 0),
  (2, 'trial', '2026-07-12T08:30:00Z', 45, '7-9', 15, 0);

-- Шаблоны регулярного расписания (с 13.07.2026). weekday: 1=пн … 7=вс.
-- Граффити: вт(2)/чт(4)/суб(6) — 10:00 (4-6), 11:00 (7-9)
INSERT INTO session_templates (location_id, weekday, time_msk, age_group, capacity, price_kopecks, valid_from) VALUES
  (1, 2, '10:00', '5-6', 8, 35000, '2026-07-13'),
  (1, 2, '11:00', '7-9', 10, 35000, '2026-07-13'),
  (1, 4, '10:00', '5-6', 8, 35000, '2026-07-13'),
  (1, 4, '11:00', '7-9', 10, 35000, '2026-07-13'),
  (1, 6, '10:00', '5-6', 8, 35000, '2026-07-13'),
  (1, 6, '11:00', '7-9', 10, 35000, '2026-07-13'),
-- Юбилейный: пн(1)/ср(3) — 16:00 (4-6), 17:00 (7-9); воскр(7) — 10:00 (4-6), 11:00 (7-9)
  (2, 1, '16:00', '5-6', 8, 35000, '2026-07-13'),
  (2, 1, '17:00', '7-9', 10, 35000, '2026-07-13'),
  (2, 3, '16:00', '5-6', 8, 35000, '2026-07-13'),
  (2, 3, '17:00', '7-9', 10, 35000, '2026-07-13'),
  (2, 7, '10:00', '5-6', 8, 35000, '2026-07-13'),
  (2, 7, '11:00', '7-9', 10, 35000, '2026-07-13');

-- Тумблеры/настройки
INSERT INTO settings (key, value) VALUES
  ('hold_minutes', '15'),
  ('trial_banner', 'Пробные занятия — 11 и 12 июля'),
  ('cta_label',    'Записать ребёнка');
